{"max":0.012991194613277912,"min":0.0023526917211711407,"num":200}