{"max":0.02315298467874527,"min":0.006754840258508921,"num":200}