{"max":2.717990241762891e-7,"min":1.005828753619653e-9,"num":200}