{"max":1.3589951208814455e-7,"min":4.656613289411027e-11,"num":200}