{"max":0.021399792283773422,"min":0.0018988036317750812,"num":200}