{"max":0.01123663131147623,"min":0.0017443805700168014,"num":200}