{"max":0.01918540708720684,"min":0.001285696867853403,"num":200}