{"max":6.298926746239886e-5,"min":5.512421193998307e-5,"num":200}