{"max":0.02719005197286606,"min":0.007312162779271603,"num":200}