{"max":0.016305003315210342,"min":0.00709145050495863,"num":87}