{"max":1.3589951208814455e-7,"min":9.592625582754977e-10,"num":200}