{"max":1.0002244710922241,"min":6.666136323474348e-5,"num":19}