{"max":0.023281821981072426,"min":0.011844826862215996,"num":200}