{"max":0.0243301410228014,"min":0.006025534588843584,"num":200}