{"max":0.016079343855381012,"min":0.0026231275405734777,"num":200}