{"max":0.010655604302883148,"min":0.002530520549044013,"num":200}