{"max":0.01567685976624489,"min":0.002928690519183874,"num":200}