{"max":0.019480625167489052,"min":0.006736284121870995,"num":200}